Region,Country,Notes,tool
Europe,United Kingdom,"five luxe jbr",showBuildingInfoMap
Europe,United Kingdom,"allsopp and allsopp dubai",generalInformation
Europe,United Kingdom,"dubai investment park",generalInformation
Europe,United Kingdom,"moving to dubai from uk",generalInformation
Europe,United Kingdom,"weather in dubai",generalInformation
Europe,United Kingdom,"palm jumeirah apartments for sale",showBuildingInfoMap
Europe,United Kingdom,"abu dhabi property for sale",showBuildingInfoMap
Europe,United Kingdom,"property for sale in dubai marina",showBuildingInfoMap
Europe,United Kingdom,"houses for sale in dubai",showBuildingInfoMap
Europe,Germany,"damac maison aykon city dubai",showBuildingInfoMap
Europe,Germany,"luxury real estate dubai",generalInformation
Europe,Germany,"dubai investment park",generalInformation
Europe,Germany,"rent an apartment in dubai",showBuildingInfoMap
Europe,Germany,"villas for sale in dubai",showBuildingInfoMap
Europe,Germany,"dubai real estate for sale",showBuildingInfoMap
Europe,Netherlands,"dubai reep",generalInformation
Europe,Netherlands,"dubai real estate for sale",showBuildingInfoMap
Europe,Netherlands,"dubai investment park",generalInformation
Europe,Netherlands,"aed to euro",getFinancialAnalytics
Europe,Netherlands,"dubai marina apartments for sale",showBuildingInfoMap
Europe,Netherlands,"dubai apartments for sale",showBuildingInfoMap
Europe,Netherlands,"dubai real estate for sale",showBuildingInfoMap
Europe,France,"dubailand",generalInformation
Europe,France,"dubai real estate market",generalInformation
Europe,France,"dubai real estate investment",getFinancialAnalytics
Europe,France,"rent in dubai",showBuildingInfoMap
Europe,France,"apartment for sale dubai",showBuildingInfoMap
Europe,Italy,"the first collection marina",showBuildingInfoMap
Europe,Italy,"dubai real estate for sale",showBuildingInfoMap
Europe,Italy,"property investment in dubai",getFinancialAnalytics
Europe,Italy,"bayut dubai rent",generalInformation
Europe,Italy,"dubai real estate for sale",showBuildingInfoMap
Europe,Spain,"dubai land department",generalInformation
Europe,Spain,"radisson blu hotel dubai waterfront",showBuildingInfoMap
Europe,Spain,"rent in dubai",showBuildingInfoMap
Europe,Spain,"rent apartment dubai",showBuildingInfoMap
Europe,Spain,"dubai property for sale",showBuildingInfoMap
Europe,Spain,"dubai homes for sale",showBuildingInfoMap
Middle East,UAE,"emaar dubai hills estate sales pavilion emaar",showBuildingInfoMap
Middle East,UAE,"real estate in dubai",generalInformation
Middle East,UAE,"delta hotels by marriott dubai investment park",showBuildingInfoMap
Middle East,UAE,"single room for rent in dubai for 1 month",showBuildingInfoMap
Middle East,UAE,"apartment sale dubai",showBuildingInfoMap
Middle East,UAE,"off plan projects in dubai",showBuildingInfoMap
Middle East,UAE,"4 bedroom villa for sale in dubai",showBuildingInfoMap
Middle East,UAE,"dubai marina property for sale",showBuildingInfoMap
Middle East,UAE,"rera dubai",generalInformation
Middle East,UAE,"rera law",generalInformation
Middle East,Saudi Arabia,"address residences dubai opera",showBuildingInfoMap
Middle East,Saudi Arabia,"dubai holding real estate",generalInformation
Middle East,Saudi Arabia,"dubai investment park",generalInformation
Middle East,Saudi Arabia,"flats for rent in dubai",showBuildingInfoMap
Middle East,Saudi Arabia,"apartments for sale in dubai",showBuildingInfoMap
Middle East,Qatar,"la suite dubai hotel & apartments",showBuildingInfoMap
Middle East,Qatar,"apartment for rent in dubai",showBuildingInfoMap
Middle East,Qatar,"dubai property for sale",showBuildingInfoMap
Middle East,Qatar,"damac maison aykon city dubai",showBuildingInfoMap
Middle East,Qatar,"sobha dubai",showBuildingInfoMap
Middle East,Qatar,"flats for sale in dubai",showBuildingInfoMap
Middle East,Qatar,"apartment for sale in dubai",showBuildingInfoMap
Middle East,Kuwait,"rove dubai marina",showBuildingInfoMap
Middle East,Kuwait,"damac maison aykon city dubai",showBuildingInfoMap
Middle East,Kuwait,"anantara dubai",showBuildingInfoMap
Middle East,Kuwait,"apartment for rent in dubai",showBuildingInfoMap
Middle East,Kuwait,"la suite dubai hotel & apartments",showBuildingInfoMap
Middle East,Iran,"five luxe jbr",showBuildingInfoMap
Middle East,Iran,"damac maison aykon city dubai",showBuildingInfoMap
Middle East,Iran,"dubai investment park",generalInformation
Middle East,Iran,"bayut dubai rent",generalInformation
Middle East,Iran,"dubai apartments for sale",showBuildingInfoMap
Central Asia,Uzbekistan,"signature hotel apartments & spa marina",showBuildingInfoMap
Central Asia,Uzbekistan,"rixos premium dubai",showBuildingInfoMap
Central Asia,Uzbekistan,"crowne plaza dubai marina",showBuildingInfoMap
East Asia,China,"dubai real estate",generalInformation
East Asia,Japan,"Burj Khalifa",showBuildingInfoMap
East Asia,Japan,"rent apartment",showBuildingInfoMap
East Asia,South Korea,"dubai land department",generalInformation
East Asia,South Korea,"real estate brokers in dubai",generalInformation
East Asia,South Korea,"dubai investment opportunities",getFinancialAnalytics
East Asia,South Korea,"property to rent in dubai",showBuildingInfoMap
East Asia,South Korea,"commercial property for sale in dubai",showBuildingInfoMap
East Asia,South Korea,"luxury villa for sale in dubai",showBuildingInfoMap
East Asia,South Korea,"1 bedroom apartment for sale in dubai",showBuildingInfoMap
North America,United States,"damac maison aykon city dubai",showBuildingInfoMap
North America,United States,"top 10 real estate companies in dubai",showExtremeLists
North America,United States,"dubai holding real estate",generalInformation
North America,United States,"aed to usd",getFinancialAnalytics
North America,United States,"rent bentley in dubai",generalInformation
North America,United States,"emaar properties",generalInformation
North America,United States,"4 bedroom villa for sale in dubai",showBuildingInfoMap
North America,United States,"flats for sale in dubai marina",showBuildingInfoMap
North America,United States,"homes for sale in dubai",showBuildingInfoMap
North America,United States,"currency converter",getFinancialAnalytics
North America,Canada,"radisson blu hotel dubai waterfront",showBuildingInfoMap
North America,Canada,"dubai south properties",generalInformation
North America,Canada,"dubai uae travel advice",generalInformation
North America,Canada,"investment in dubai",getFinancialAnalytics
North America,Canada,"townhouse for sale in dubai",showBuildingInfoMap
North America,Canada,"2 bedroom apartment dubai for sale",showBuildingInfoMap
North America,Canada,"property for sale in dubai",showBuildingInfoMap
South Asia,India,"damac islands dubai",showBuildingInfoMap
South Asia,India,"new heights real estate dubai",generalInformation
South Asia,India,"emaar properties",generalInformation
South Asia,India,"danube properties dubai",generalInformation
South Asia,India,"damac maison aykon city dubai",showBuildingInfoMap
South Asia,India,"townhouse for sale in dubai",showBuildingInfoMap
South Asia,India,"aed to inr",getFinancialAnalytics
South Asia,India,"dubai marina property for sale",showBuildingInfoMap
Europe,Russia,"tiger sky tower dubai",showBuildingInfoMap
Europe,Russia,"bayut",generalInformation
Europe,Russia,"townhouses for sale in dubai",showBuildingInfoMap
Europe,Russia,"dubai investments",getFinancialAnalytics
Europe,Russia,"grosvenor house dubai",showBuildingInfoMap
Europe,Russia,"property for sale in dubai",showBuildingInfoMap
